{
  "agent_configs": {
    "gate_2": {
      "obs_dim": 25,
      "act_dim": 5,
      "act_low": [
        0.0,
        0.0,
        0.0,
        0.0,
        0.0
      ],
      "act_high": [
        6.0,
        5.0,
        0.009999999776482582,
        5.0,
        0.009999999776482582
      ],
      "gamma": 0.99,
      "lmbda": 0.96,
      "epochs": 10,
      "clip_eps": 0.2,
      "entropy_coef": 0.01,
      "entropy_coef_decay": 0.995,
      "entropy_coef_min": 0,
      "use_delta_actions": true,
      "max_delta": 2.5,
      "use_param_noise": false,
      "param_noise_std": 0.1,
      "param_noise_std_min": 0.01,
      "use_action_noise": false,
      "action_noise_std": 0.1,
      "action_noise_std_min": 0.01,
      "total_updates": 160.0,
      "lstm_hidden_size": 64,
      "num_lstm_layers": 1,
      "use_dyna": false,
      "dream_rollouts": 20,
      "dream_horizon": 5
    }
  },
  "metadata": {
    "episode": 200,
    "val_avg_return": -936.693359375,
    "val_episode_returns": [
      -1452.043701171875,
      -1200.007568359375,
      -1192.529052734375,
      -1132.340576171875,
      293.4542236328125
    ],
    "val_agent_returns": {
      "gate_2": -936.693359375
    },
    "num_val_episodes": 5
  },
  "saved_at": "2026-02-11T11:30:00.103307"
}