{
  "agent_configs": {
    "gate_1": {
      "obs_dim": 20,
      "act_dim": 4,
      "act_low": [
        0.0,
        0.0,
        0.0,
        0.0
      ],
      "act_high": [
        7.0,
        3.5,
        3.5,
        3.5
      ],
      "gamma": 0.99,
      "lmbda": 0.95,
      "epochs": 10,
      "clip_eps": 0.2,
      "entropy_coef": 0.01,
      "entropy_coef_decay": 0.995,
      "entropy_coef_min": 0,
      "use_delta_actions": true,
      "max_delta": 2.5,
      "use_stacked_obs": false,
      "use_gat_lstm": false,
      "lstm_hidden_size": 64,
      "num_lstm_layers": 1
    }
  },
  "metadata": {
    "episode": 80,
    "val_avg_return": -47.59450149536133,
    "val_episode_returns": [
      -49.77208709716797,
      -46.17719268798828,
      -50.19428634643555,
      -43.918819427490234,
      -47.91011047363281
    ],
    "val_agent_returns": {
      "gate_1": -47.59450149536133
    },
    "num_val_episodes": 5
  },
  "saved_at": "2026-01-29T15:33:33.639665"
}