{
  "agent_configs": {
    "gate_2": {
      "obs_dim": 25,
      "act_dim": 5,
      "act_low": [
        0.0,
        0.0,
        0.0,
        0.0,
        0.0
      ],
      "act_high": [
        6.0,
        6.0,
        2.0,
        2.5,
        2.5
      ],
      "gamma": 0.99,
      "lmbda": 0.96,
      "epochs": 10,
      "clip_eps": 0.2,
      "entropy_coef": 0.04,
      "entropy_coef_decay": 0.995,
      "entropy_coef_min": 0.001,
      "use_delta_actions": true,
      "max_delta": 2.5,
      "use_param_noise": false,
      "param_noise_std": 0.1,
      "param_noise_std_min": 0.01,
      "use_action_noise": false,
      "action_noise_std": 0.01,
      "action_noise_std_min": 0.001,
      "total_updates": 80,
      "use_lr_decay": false,
      "lr_warmup_frac": 0.05,
      "lr_min_ratio": 0.01,
      "lstm_hidden_size": 64,
      "num_lstm_layers": 1,
      "max_duration": 7,
      "duration_entropy_coef": 0.05
    }
  },
  "metadata": {
    "episode": 180,
    "val_avg_return": -77.7154312133789,
    "val_episode_returns": [
      -853.1375732421875,
      -728.3095092773438,
      758.2346801757812,
      341.91278076171875,
      -70.60758209228516,
      335.0794677734375,
      189.16204833984375,
      -260.4344177246094,
      763.2902221679688,
      -1252.344482421875
    ],
    "val_agent_returns": {
      "gate_2": -77.7154312133789
    },
    "num_val_episodes": 10
  },
  "saved_at": "2026-02-15T16:43:06.531740"
}