{
  "agent_configs": {
    "gate_2": {
      "obs_dim": 25,
      "act_dim": 5,
      "act_low": [
        0.0,
        0.0,
        0.0,
        0.0,
        0.0
      ],
      "act_high": [
        6.0,
        5.0,
        0.009999999776482582,
        5.0,
        0.009999999776482582
      ],
      "gamma": 0.99,
      "lmbda": 0.96,
      "epochs": 10,
      "clip_eps": 0.2,
      "entropy_coef": 0.01,
      "entropy_coef_decay": 0.995,
      "entropy_coef_min": 0,
      "use_delta_actions": true,
      "max_delta": 2.5,
      "use_stacked_obs": false,
      "use_gat_lstm": false,
      "lstm_hidden_size": 64,
      "num_lstm_layers": 1
    }
  },
  "metadata": {
    "episode": 54,
    "avg_return": -0.6849460673630008,
    "best_avg_return": -0.6849460673630008,
    "individual_returns": {
      "gate_2": -0.6849460673630008
    }
  },
  "saved_at": "2026-01-24T13:55:03.512965"
}