{
  "agent_configs": {
    "gate_2": {
      "obs_dim": 25,
      "act_dim": 5,
      "act_low": [
        0.0,
        0.0,
        0.0,
        0.0,
        0.0
      ],
      "act_high": [
        6.0,
        5.0,
        0.009999999776482582,
        5.0,
        0.009999999776482582
      ],
      "gamma": 0.99,
      "lmbda": 0.96,
      "epochs": 10,
      "clip_eps": 0.2,
      "entropy_coef": 0.04,
      "entropy_coef_decay": 0.995,
      "entropy_coef_min": 0.001,
      "use_delta_actions": true,
      "max_delta": 2.5,
      "use_param_noise": false,
      "param_noise_std": 0.1,
      "param_noise_std_min": 0.01,
      "use_action_noise": false,
      "action_noise_std": 0.1,
      "action_noise_std_min": 0.01,
      "total_updates": 160,
      "use_lr_decay": true,
      "lr_warmup_frac": 0.05,
      "lr_min_ratio": 0.01,
      "lstm_hidden_size": 64,
      "num_lstm_layers": 1
    }
  },
  "metadata": {
    "episode": 170,
    "val_avg_return": -549.5767822265625,
    "val_episode_returns": [
      -1106.6214599609375,
      -827.1963500976562,
      -1195.9464111328125,
      265.0560607910156,
      263.6393737792969,
      -10.24405574798584,
      -814.2472534179688,
      -1299.6090087890625,
      -1079.453369140625,
      308.8546142578125
    ],
    "val_agent_returns": {
      "gate_2": -549.5767822265625
    },
    "num_val_episodes": 10
  },
  "saved_at": "2026-02-12T18:02:06.042329"
}