{
  "agent_configs": {
    "gate_1": {
      "obs_dim": 20,
      "act_dim": 4,
      "act_low": [
        0.0,
        0.0,
        0.0,
        0.0
      ],
      "act_high": [
        7.0,
        3.5,
        3.5,
        3.5
      ],
      "stack_size": 5,
      "hidden_size": 64,
      "kernel_size": 4,
      "actor_lr": 0.0001,
      "critic_lr": 0.0003,
      "alpha_lr": 0.0003,
      "target_entropy": -4,
      "tau": 0.005,
      "gamma": 0.99,
      "buffer_size": 100000,
      "max_delta": 2.5,
      "log_alpha": -24.179841995239258
    }
  },
  "metadata": {
    "dataset": "small_network",
    "num_episodes": 60
  },
  "saved_at": "2026-01-16T15:54:23.300067",
  "normalization_stats": {
    "obs_rms": {
      "gate_1": {
        "mean": [
          0.0,
          0.0,
          0.0,
          0.0,
          0.0,
          0.0,
          0.0,
          0.0,
          0.0,
          0.0,
          0.0,
          0.0,
          0.0,
          0.0,
          0.0,
          0.0,
          0.0,
          0.0,
          0.0,
          0.0
        ],
        "var": [
          1.0,
          1.0,
          1.0,
          1.0,
          1.0,
          1.0,
          1.0,
          1.0,
          1.0,
          1.0,
          1.0,
          1.0,
          1.0,
          1.0,
          1.0,
          1.0,
          1.0,
          1.0,
          1.0,
          1.0
        ],
        "count": 0.0001
      }
    },
    "ret_rms": {
      "mean": -145.12205500009208,
      "var": 3467.7656941696687,
      "count": 100000.0001
    }
  }
}