{
  "agent_configs": {
    "gate_23": {
      "obs_dim": 20,
      "act_dim": 4,
      "act_low": [
        0.0,
        0.0,
        0.0,
        0.0
      ],
      "act_high": [
        3.5,
        7.0,
        3.5,
        3.5
      ],
      "gamma": 0.99,
      "lmbda": 0.95,
      "epochs": 10,
      "clip_eps": 0.2,
      "entropy_coef": 0.01,
      "entropy_coef_decay": 0.995,
      "entropy_coef_min": 0,
      "use_delta_actions": true,
      "max_delta": 2.5,
      "use_stacked_obs": false,
      "use_gat_lstm": false,
      "use_param_noise": false,
      "param_noise_std": 0.1,
      "param_noise_decay": 0.995,
      "param_noise_std_min": 0.01,
      "lstm_hidden_size": 64,
      "num_lstm_layers": 1
    }
  },
  "metadata": {
    "episode": 95,
    "val_avg_return": -287769.6875,
    "val_episode_returns": [
      -323779.15625,
      -328720.59375,
      -276235.53125,
      -242428.21875,
      -233502.1875,
      -307545.375,
      -278372.53125,
      -359814.5625,
      -291793.5,
      -235505.0625
    ],
    "val_agent_returns": {
      "gate_23": -287769.6875
    },
    "num_val_episodes": 10
  },
  "saved_at": "2026-01-29T22:46:44.242665"
}