{
  "agent_configs": {
    "gate_24": {
      "obs_dim": 20,
      "act_dim": 4,
      "act_low": [
        0.0,
        0.0,
        0.0,
        0.0
      ],
      "act_high": [
        4.0,
        4.0,
        4.0,
        4.0
      ],
      "stack_size": 10,
      "hidden_size": 128,
      "kernel_size": 4,
      "actor_lr": 0.0003,
      "critic_lr": 0.003,
      "alpha_lr": 0.0003,
      "target_entropy": -4,
      "tau": 0.005,
      "gamma": 0.99,
      "buffer_size": 100000,
      "max_delta": 2.5,
      "log_alpha": -13.368339538574219
    }
  },
  "metadata": {
    "episode": 55,
    "avg_return": 22.998354483967535,
    "best_avg_return": 22.998354483967535,
    "individual_returns": {
      "gate_24": 22.998354483967535
    }
  },
  "saved_at": "2026-01-11T16:10:05.218424"
}