{
  "agent_configs": {
    "gate_2": {
      "obs_dim": 25,
      "act_dim": 5,
      "act_low": [
        0.0,
        0.0,
        0.0,
        0.0,
        0.0
      ],
      "act_high": [
        6.0,
        2.0,
        2.0,
        2.0,
        3.0
      ],
      "gamma": 0.99,
      "lmbda": 0.96,
      "epochs": 10,
      "clip_eps": 0.2,
      "entropy_coef": 0.04,
      "entropy_coef_decay": 0.995,
      "entropy_coef_min": 0.001,
      "use_delta_actions": true,
      "max_delta": 2.5,
      "use_param_noise": false,
      "param_noise_std": 0.1,
      "param_noise_std_min": 0.01,
      "use_action_noise": false,
      "action_noise_std": 0.01,
      "action_noise_std_min": 0.001,
      "total_updates": 80,
      "use_lr_decay": false,
      "lr_warmup_frac": 0.05,
      "lr_min_ratio": 0.01,
      "lstm_hidden_size": 64,
      "num_lstm_layers": 1,
      "max_duration": 7,
      "duration_entropy_coef": 0.05
    }
  },
  "metadata": {
    "episode": 200,
    "val_avg_return": 595.9774169921875,
    "val_episode_returns": [
      583.4964599609375,
      608.87255859375,
      554.7906494140625,
      668.0331420898438,
      588.5244140625,
      590.5973510742188,
      724.8555908203125,
      549.492431640625,
      549.8740844726562,
      541.2377319335938
    ],
    "val_agent_returns": {
      "gate_2": 595.9774780273438
    },
    "num_val_episodes": 10
  },
  "saved_at": "2026-02-15T14:36:10.721223"
}