{
  "agent_configs": {
    "gate_24": {
      "obs_dim": 20,
      "act_dim": 4,
      "act_low": [
        0.0,
        0.0,
        0.0,
        0.0
      ],
      "act_high": [
        4.0,
        4.0,
        4.0,
        4.0
      ],
      "gamma": 0.99,
      "lmbda": 0.95,
      "epochs": 10,
      "clip_eps": 0.2,
      "entropy_coef": 0.01,
      "use_delta_actions": true,
      "max_delta": 2.5,
      "lstm_hidden_size": 64,
      "num_lstm_layers": 1
    }
  },
  "metadata": {
    "dataset": "45_intersections",
    "num_episodes": 60
  },
  "saved_at": "2026-01-04T23:03:29.426910",
  "normalization_stats": {
    "obs_rms": {
      "gate_24": {
        "mean": [
          9.421707062715997,
          9.33756536058588,
          11.012696122176214,
          10.815834496395937,
          3.2561841011924737,
          5.901783152872566,
          5.861721336515212,
          7.45166427139396,
          7.214431746993782,
          2.0680121429125045,
          4.830290050332194,
          4.799120292916939,
          7.904018050632456,
          7.662577252347608,
          2.746367473932712,
          13.174821651985598,
          13.111008052517793,
          7.857750813462323,
          7.635758422168893,
          3.45050077555611
        ],
        "var": [
          154.63222004148665,
          153.1612277745587,
          184.50126519340537,
          185.27193170421657,
          1.5009347404507054,
          119.86522248832742,
          107.30451174940016,
          119.83235204872364,
          114.66450389342454,
          1.9337963023551825,
          110.9630670898268,
          99.96390299234459,
          122.47212351513079,
          102.29460989933179,
          1.72668065558533,
          236.08662696175855,
          231.1630693635459,
          147.13803886802964,
          122.17379488870418,
          0.8164705333389514
        ],
        "count": 42060.000100000005
      }
    }
  }
}