{
  "agent_configs": {
    "gate_2": {
      "obs_dim": 25,
      "act_dim": 5,
      "act_low": [
        0.0,
        0.0,
        0.0,
        0.0,
        0.0
      ],
      "act_high": [
        6.0,
        5.0,
        0.009999999776482582,
        5.0,
        0.009999999776482582
      ],
      "gamma": 0.99,
      "lmbda": 0.96,
      "epochs": 10,
      "clip_eps": 0.2,
      "entropy_coef": 0.01,
      "entropy_coef_decay": 0.995,
      "entropy_coef_min": 0,
      "use_delta_actions": true,
      "max_delta": 2.5,
      "use_param_noise": false,
      "param_noise_std": 0.1,
      "param_noise_std_min": 0.01,
      "use_action_noise": false,
      "action_noise_std": 0.1,
      "action_noise_std_min": 0.01,
      "total_updates": 160.0,
      "alpha": 0.1,
      "alpha_min": 0.0,
      "lstm_hidden_size": 64,
      "num_lstm_layers": 1,
      "model_lr": 0.0005
    }
  },
  "metadata": {
    "episode": 180,
    "val_avg_return": -351.2835693359375,
    "val_episode_returns": [
      -1173.8568115234375,
      -1372.610107421875,
      260.2209777832031,
      264.9376220703125,
      264.8903503417969
    ],
    "val_agent_returns": {
      "gate_2": -351.2835693359375
    },
    "num_val_episodes": 5
  },
  "saved_at": "2026-02-08T17:59:35.347912"
}