{
  "agent_configs": {
    "gate_2": {
      "obs_dim": 25,
      "act_dim": 5,
      "act_low": [
        0.0,
        0.0,
        0.0,
        0.0,
        0.0
      ],
      "act_high": [
        6.0,
        5.0,
        0.009999999776482582,
        5.0,
        0.009999999776482582
      ],
      "gamma": 0.99,
      "lmbda": 0.96,
      "epochs": 10,
      "clip_eps": 0.2,
      "entropy_coef": 0.01,
      "entropy_coef_decay": 0.995,
      "entropy_coef_min": 0,
      "use_delta_actions": true,
      "max_delta": 2.5,
      "use_param_noise": false,
      "param_noise_std": 0.1,
      "param_noise_std_min": 0.01,
      "use_action_noise": false,
      "action_noise_std": 0.1,
      "action_noise_std_min": 0.01,
      "total_updates": 160.0,
      "lstm_hidden_size": 64,
      "num_lstm_layers": 1,
      "use_dyna": false,
      "dream_rollouts": 20,
      "dream_horizon": 5
    }
  },
  "metadata": {
    "episode": 190,
    "val_avg_return": -1780.8580322265625,
    "val_episode_returns": [
      -1795.482177734375,
      -1758.7276611328125,
      -1780.36328125,
      -1793.7918701171875,
      -1775.9246826171875
    ],
    "val_agent_returns": {
      "gate_2": -1780.8580322265625
    },
    "num_val_episodes": 5
  },
  "saved_at": "2026-02-11T11:51:39.507204"
}