{
  "agent_configs": {
    "gate_2": {
      "obs_dim": 25,
      "act_dim": 5,
      "act_low": [
        0.0,
        0.0,
        0.0,
        0.0,
        0.0
      ],
      "act_high": [
        6.0,
        2.0,
        2.0,
        2.0,
        3.0
      ],
      "gamma": 0.99,
      "lmbda": 0.96,
      "epochs": 10,
      "clip_eps": 0.2,
      "entropy_coef": 0.04,
      "entropy_coef_decay": 0.995,
      "entropy_coef_min": 0.001,
      "use_delta_actions": true,
      "max_delta": 2.5,
      "use_param_noise": false,
      "param_noise_std": 0.1,
      "param_noise_std_min": 0.01,
      "use_action_noise": false,
      "action_noise_std": 0.1,
      "action_noise_std_min": 0.01,
      "total_updates": 80,
      "use_lr_decay": true,
      "lr_warmup_frac": 0.05,
      "lr_min_ratio": 0.01,
      "lstm_hidden_size": 64,
      "num_lstm_layers": 1
    }
  },
  "metadata": {
    "episode": 200,
    "val_avg_return": -26.281341552734375,
    "val_episode_returns": [
      -108.28050994873047,
      -127.30242156982422,
      8.4345064163208,
      -91.84619903564453,
      1.7940921783447266,
      -63.20690155029297,
      202.54103088378906,
      -58.86683654785156,
      15.457894325256348,
      -41.53805923461914
    ],
    "val_agent_returns": {
      "gate_2": -26.281341552734375
    },
    "num_val_episodes": 10
  },
  "saved_at": "2026-02-11T22:12:26.182876"
}